id2	year	empshare
9001	2008	.2352941
9001	2008	.4117647
9001	2008	.5294118
9001	2008	1.117647
9001	2008	.9411765
9001	2008	.1176471
9001	2008	.6470588
9001	2008	.3529412
9001	2008	.1764706
9001	2008	.7058824
9001	2008	.0588235
9001	2008	.2941177
9001	2008	.8235294
9001	2008	.4705882
9001	2008	.7647059
9001	2008	.5882353
9001	2008	1.058824
9001	2008	.8823529
